{"text": "\u5982\u679c\u6211\u767c\u80b2\u4e00\u5e74\u5230\u770b\u5f97\u5230 \u807d\u5f97\u5230\u55ce", "segments": [{"id": 0, "seek": 0, "start": 0.0, "end": 4.5600000000000005, "text": "\u5982\u679c\u6211\u767c\u80b2\u4e00\u5e74\u5230", "tokens": [50364, 13119, 1654, 14637, 14356, 110, 2257, 5157, 4511, 50592], "temperature": 0.0, "avg_logprob": -0.8803207760765439, "compression_ratio": 0.8846153846153846, "no_speech_prob": 0.09036502987146378}, {"id": 1, "seek": 0, "start": 4.5600000000000005, "end": 7.5600000000000005, "text": "\u770b\u5f97\u5230 \u807d\u5f97\u5230\u55ce", "tokens": [50592, 4200, 5916, 4511, 220, 21524, 5916, 4511, 7434, 50742], "temperature": 0.0, "avg_logprob": -0.8803207760765439, "compression_ratio": 0.8846153846153846, "no_speech_prob": 0.09036502987146378}], "language": "Chinese"}