{"text": "\u7136\u540e\u5230\u88d9\u5b50\u4e0a\u7684\u7275\u624b Almighty", "segments": [{"id": 0, "seek": 0, "start": 0.0, "end": 4.0, "text": "\u7136\u540e\u5230\u88d9\u5b50\u4e0a\u7684\u7275\u624b Almighty", "tokens": [50364, 26636, 4511, 8083, 247, 7626, 5708, 1546, 6935, 113, 11389, 16849, 50564], "temperature": 1.0, "avg_logprob": -3.2003571646554128, "compression_ratio": 0.7659574468085106, "no_speech_prob": 0.06395771354436874}], "language": "Chinese"}