{"text": "\u662f\u4e0d\u662f\u5982\u679c\u7528\u8a9e\u97f3\u7684\u65b9\u5f0f\u4f60\u6703\u8655\u7406\u7684\u6162\u4e00\u4e9b\u5982\u679c\u8aaa\u7528\u6587\u5b57\u7684\u65b9\u5f0f\u4f60\u597d\u50cf\u8655\u7406\u5f97\u66f4\u5feb\u4e00\u9ede", "segments": [{"id": 0, "seek": 0, "start": 0.0, "end": 2.88, "text": "\u662f\u4e0d\u662f\u5982\u679c\u7528\u8a9e\u97f3\u7684\u65b9\u5f0f", "tokens": [50364, 23034, 13119, 9254, 31348, 18034, 1546, 9249, 27584, 50508], "temperature": 0.0, "avg_logprob": -0.3352980375289917, "compression_ratio": 1.0961538461538463, "no_speech_prob": 0.0782446414232254}, {"id": 1, "seek": 0, "start": 2.88, "end": 5.28, "text": "\u4f60\u6703\u8655\u7406\u7684\u6162\u4e00\u4e9b", "tokens": [50508, 2166, 6236, 39289, 13876, 1546, 20645, 38515, 50628], "temperature": 0.0, "avg_logprob": -0.3352980375289917, "compression_ratio": 1.0961538461538463, "no_speech_prob": 0.0782446414232254}, {"id": 2, "seek": 0, "start": 5.28, "end": 7.08, "text": "\u5982\u679c\u8aaa\u7528\u6587\u5b57\u7684\u65b9\u5f0f", "tokens": [50628, 13119, 4622, 9254, 17174, 22381, 1546, 9249, 27584, 50718], "temperature": 0.0, "avg_logprob": -0.3352980375289917, "compression_ratio": 1.0961538461538463, "no_speech_prob": 0.0782446414232254}, {"id": 3, "seek": 0, "start": 7.08, "end": 9.28, "text": "\u4f60\u597d\u50cf\u8655\u7406\u5f97\u66f4\u5feb\u4e00\u9ede", "tokens": [50718, 26410, 12760, 39289, 13876, 5916, 19002, 10251, 19202, 50828], "temperature": 0.0, "avg_logprob": -0.3352980375289917, "compression_ratio": 1.0961538461538463, "no_speech_prob": 0.0782446414232254}], "language": "Chinese"}